FIELD,ID,RA_y,DEC_y,z_50_y,HeII-4687_FLUX,HeII-4687_FLUX_ERR,NeV-3426_FLUX,NeV-3426_FLUX_ERR,Ha_FLUX_y,Ha_FLUX_ERR_y,Hb_FLUX_y,Hb_FLUX_ERR_y,NeIII-3867_FLUX_y,NeIII-3867_FLUX_ERR_y,OII_FLUX_y,OII_FLUX_ERR_y,OIII_FLUX_y,OIII_FLUX_ERR_y,DL,NeV_L_ERR,NeV_L,HeII_L_ERR,HeII_L
GN1,37037,189.28702932,62.345863575,1.431757050458373,-99.0,-99.0,0.170766891033182,1.1957076259235702,6.94620213361829,0.562391803057194,2.43800268554984,0.7970830387609521,1.6461871306776799,0.67267333667753,3.45527052129971,0.751584909573459,10.8879159834214,0.8361400752359549,10504.977565223662,1.578729363756502e+41,2.2546875121186513e+40,-1.3071272911818332e+43,-1.3071272911818332e+43
GN3,37037,189.28702932,62.345863575,1.431757050458373,-99.0,-99.0,0.170766891033182,1.1957076259235702,6.94620213361829,0.562391803057194,2.43800268554984,0.7970830387609521,1.6461871306776799,0.67267333667753,3.45527052129971,0.751584909573459,10.8879159834214,0.8361400752359549,10504.977565223662,1.578729363756502e+41,2.2546875121186513e+40,-1.3071272911818332e+43,-1.3071272911818332e+43
GN1,37738,189.2811852,62.36328762900001,1.450627992173246,-99.0,-99.0,13.177380172855301,1.30712833935438,45.4352189874349,1.0331382397518,8.09268879458132,0.952066990828847,4.52283402829766,0.6577779748535449,21.9916567805464,0.7587287322395171,75.56912385467899,1.3255802657406501,10676.99332347836,1.7828245343986406e+41,1.7972953354273018e+42,-1.350285382020273e+43,-1.350285382020273e+43
GN1,37495,189.31189689,62.35440855099998,1.747341340511438,-99.0,-99.0,0.576111189190416,0.8023516320818921,-99.0,-99.0,1.9248544673568602,0.94840459038762,2.54237468799308,0.634072374403314,8.84551158230226,0.6392683038880219,10.9866186020942,1.05500398331356,13442.352361406049,1.734633462762926e+41,1.2455159397492703e+41,-2.1403173614533407e+43,-2.1403173614533407e+43
GN1,37906,189.31980049,62.36782008000002,1.686337698153359,-99.0,-99.0,-99.0,-99.0,-99.0,-99.0,3.07792266986406,0.8253185816387529,1.4326817753950098,0.5685334201649199,3.71734035165864,0.601595621265645,10.484629140279,0.911247571219425,12865.085415970265,-1.9604373668095155e+43,-1.9604373668095155e+43,-1.9604373668095155e+43,-1.9604373668095155e+43
GN1,37767,189.29601256,62.362755877,1.518116653690198,3.33134917004494,0.45673478439817905,1.52612311748945,0.454641884376928,-99.0,-99.0,3.23187438067096,0.432024655900504,0.49680756875785204,0.264843339006064,1.40256684780914,0.298862627937649,5.5137873455906705,0.49055684720590703,11296.190166871618,6.941061016439012e+40,2.3299467209471125e+41,6.973013520702272e+40,5.0860025551835916e+41
GN2,12318,189.20668112,62.20353196399999,2.01520450936908,0.47214500379710295,0.624647991197019,0.708855133064751,0.8690621878610799,-99.0,-99.0,1.813346858317,0.596534519251654,2.28468985092156,1.06869472435164,2.68009334372104,0.681356945844072,11.776097756326301,0.689834849284264,16023.59480344774,2.66970449152223e+41,2.1775584751180772e+41,1.91887942084254e+41,1.4503998159086813e+41
GN2,19913,189.14832276,62.24000089900001,2.010370267224622,10.2543667031061,1.23824467766201,14.721190561539201,1.9115846908682301,-99.0,-99.0,8.45312906279204,1.17207327468415,5.73072479459785,3.14280695753656,5.29491267364707,1.68435626971645,43.629649145302096,1.40445347536979,15976.386947176463,5.837718029717117e+41,4.495650125810866e+42,3.781429781541944e+41,3.131543251628802e+42
GN7,19913,189.14832276,62.24000089900001,2.010370267224622,10.2543667031061,1.23824467766201,14.721190561539201,1.9115846908682301,-99.0,-99.0,8.45312906279204,1.17207327468415,5.73072479459785,3.14280695753656,5.29491267364707,1.68435626971645,43.629649145302096,1.40445347536979,15976.386947176463,5.837718029717117e+41,4.495650125810866e+42,3.781429781541944e+41,3.131543251628802e+42
GN2,18197,189.21988615,62.23178554000002,1.359751093923414,-99.0,-99.0,5.981806417646739,3.1346239285722,88.8160672513408,0.873287233807098,11.5928796836098,1.68814044867371,6.64622043156399,1.50359859589052,55.7858724295688,1.28122550834748,111.936710680061,1.86604756846455,9853.326515758772,3.641192359172879e+41,6.948491531457064e+41,-1.1499881701034243e+43,-1.1499881701034243e+43
GN2,20801,189.1476214,62.24377994100001,1.999766095357096,-99.0,-99.0,-99.0,-99.0,-99.0,-99.0,3.63697711758667,0.48025541963525203,2.57748136959462,0.837300607701738,11.304323367513401,0.941712746458528,22.097081896334,0.5609598848643159,15872.90977184183,-2.9842879057030216e+43,-2.9842879057030216e+43,-2.9842879057030216e+43,-2.9842879057030216e+43
GN7,20801,189.1476214,62.24377994100001,1.999766095357096,-99.0,-99.0,-99.0,-99.0,-99.0,-99.0,3.63697711758667,0.48025541963525203,2.57748136959462,0.837300607701738,11.304323367513401,0.941712746458528,22.097081896334,0.5609598848643159,15872.90977184183,-2.9842879057030216e+43,-2.9842879057030216e+43,-2.9842879057030216e+43,-2.9842879057030216e+43
GN2,23370,53.1497301339772,-27.80117955838864,1.808624441004312,-99.0,-99.0,0.597455141496664,0.741823597665472,-99.0,-99.0,1.7981265755205,0.51499627739723,1.08976519205117,0.6648790598714149,4.71655317729323,0.612681510993115,9.76598985660066,0.591621789446338,14026.41120456244,1.7461687307511364e+41,1.4063417359478918e+41,-2.330347873650673e+43,-2.330347873650673e+43
GN4,23370,53.1497301339772,-27.80117955838864,1.808624441004312,-99.0,-99.0,0.597455141496664,0.741823597665472,-99.0,-99.0,1.7981265755205,0.51499627739723,1.08976519205117,0.6648790598714149,4.71655317729323,0.612681510993115,9.76598985660066,0.591621789446338,14026.41120456244,1.7461687307511364e+41,1.4063417359478918e+41,-2.330347873650673e+43,-2.330347873650673e+43
GS4,23370,53.1497301339772,-27.80117955838864,1.808624441004312,-99.0,-99.0,0.597455141496664,0.741823597665472,-99.0,-99.0,1.7981265755205,0.51499627739723,1.08976519205117,0.6648790598714149,4.71655317729323,0.612681510993115,9.76598985660066,0.591621789446338,14026.41120456244,1.7461687307511364e+41,1.4063417359478918e+41,-2.330347873650673e+43,-2.330347873650673e+43
GN2,11502,189.26094304,62.19919875099998,1.991615710773547,0.21400333743476901,0.9426351470596199,1.9815715081947698,1.42781070132196,-99.0,-99.0,2.53627126399728,0.881124717455418,3.08738512788138,1.34454013137625,7.626524605576909,1.04177224436376,11.795138603283402,1.0460217598183101,15793.44818323183,4.2610534459748536e+41,5.9136565481833795e+41,2.8131311370313723e+41,6.386558509347663e+40
GN2,20177,189.16946393,62.24135491600001,1.393534841633599,3.8681711859458603,0.393339552054285,11.5053981785291,1.8155983077536801,-99.0,-99.0,7.02323882420249,0.564119557996561,1.73293227146337,1.25120325138523,3.4323226224798904,0.876857814707661,8.65733107606152,0.5505861344077541,10158.123301863105,2.241502144296149e+41,1.4204339461001962e+42,4.85609314351587e+40,4.775568456290134e+41
GN2,17886,189.1781809,62.23062061700002,1.774730154335695,0.0383562483221475,0.52661027507077,0.356946610531926,0.8745130617632151,-99.0,-99.0,0.703122725698456,0.5076045415450381,1.12105206604997,0.663718294851815,2.3611358257485997,0.6869692923616519,4.61210453010256,0.584127180759082,13702.878694984483,1.9646371678974953e+41,8.018983462546964e+40,1.1830562225277412e+41,8.616922304495034e+39
GN2,24570,189.2207019299999,62.26270366499957,2.426192409053029,-99.0,-99.0,0.268385795449721,1.12841853632627,-99.0,-99.0,1.1862860367402999,0.895033144985913,1.4305589996120602,0.864402451441562,3.83720659734867,0.953470633071844,14.7935942861073,4.7407640443598495,20109.68538123929,5.4597554803629696e+41,1.2985614560433875e+41,-4.790029365484028e+43,-4.790029365484028e+43
GN2,19911,189.22022547,62.239819602,1.878074665165565,-99.0,-99.0,0.504316655499425,0.456010910759074,-99.0,-99.0,1.37071593173995,0.6277031465337011,0.62790773886431,0.416370158053308,2.6724962195857,0.370614561503885,15.597166169396699,0.700790488671873,14693.107606150028,1.1778635476977885e+41,1.302635947944401e+41,-2.5571425698559496e+43,-2.5571425698559496e+43
GN2,21290,189.26806046,62.246179592,2.216478606252471,1.52284133524926,0.7896820069109739,8.83993386311316,1.0355134016921699,-99.0,-99.0,5.90104266246208,0.8097102151220639,6.72693887734339,1.06186835654426,7.71148800768648,1.15095632010372,75.8063518831534,1.1572383215869,18007.467502131556,4.017477308696104e+41,3.4296256955628296e+42,3.063726204476052e+41,5.908161593187268e+41
GN4,21290,189.26806046,62.246179592,2.216478606252471,1.52284133524926,0.7896820069109739,8.83993386311316,1.0355134016921699,-99.0,-99.0,5.90104266246208,0.8097102151220639,6.72693887734339,1.06186835654426,7.71148800768648,1.15095632010372,75.8063518831534,1.1572383215869,18007.467502131556,4.017477308696104e+41,3.4296256955628296e+42,3.063726204476052e+41,5.908161593187268e+41
GN2,21534,189.18347312,62.247397339,1.777281839014459,2.14960886786881,0.942854882647144,0.32397619739631,0.641399305533162,-99.0,-99.0,2.02573236938413,0.874864306176957,1.5876097541724001,0.575690031802193,4.7647299991389,0.536334892953355,1.32472302491099,0.953506026368762,13727.192380370243,1.4460534797489685e+41,7.304138055019312e+40,2.1256938886406632e+41,4.846356016704821e+41
GN2,25303,189.2010320900087,62.26568191699707,2.442471517146416,-99.0,-99.0,4.277868160824,0.7764313176283439,-99.0,-99.0,3.2944996015259,0.8325251117418869,2.35048977978143,0.747349512677743,10.2446055895701,0.625369102417072,28.5653773510626,4.61015863361637,20274.25330690928,3.818433312544236e+41,2.1038247583647436e+42,-4.86874871426592e+43,-4.86874871426592e+43
GN2,24089,189.2624384966491,62.26016354542583,1.813706968694783,-99.0,-99.0,1.0578850024886801,1.1926909694505001,-99.0,-99.0,0.731948501585376,0.659414832436663,1.43890270182027,0.9128434992745871,4.47364405597222,1.03413625814438,3.34791821296821,0.7870504153903549,14075.031294239854,2.826956321692651e+41,2.5074346767185262e+41,-2.346531356538353e+43,-2.346531356538353e+43
GN4,24089,189.2624384966491,62.26016354542583,1.813706968694783,-99.0,-99.0,1.0578850024886801,1.1926909694505001,-99.0,-99.0,0.731948501585376,0.659414832436663,1.43890270182027,0.9128434992745871,4.47364405597222,1.03413625814438,3.34791821296821,0.7870504153903549,14075.031294239854,2.826956321692651e+41,2.5074346767185262e+41,-2.346531356538353e+43,-2.346531356538353e+43
GN2,25004,189.1923747801479,62.26434637101141,1.400822714951369,-99.0,-99.0,11.1044012408149,2.75767091481223,-99.0,-99.0,-99.0,-99.0,-99.0,-99.0,-99.0,-99.0,-99.0,-99.0,10224.095409667627,3.44893218440241e+41,1.3887924995783009e+42,-1.2381618285990717e+43,-1.2381618285990717e+43
GN2,19235,189.13854002,62.23644663100001,1.43080775818793,17.5356641496124,6.23463086844641,10.391536101930999,4.5466831254284905,-99.0,-99.0,11.6815008592099,4.03625907523494,-99.0,-99.0,6.81840775667204,18.5731763816459,-99.0,-99.0,10496.337678506523,5.993254289101515e+41,1.369770370953262e+42,8.218238914496534e+41,2.3114805117852524e+42
GN7,19235,189.13854002,62.23644663100001,1.43080775818793,17.5356641496124,6.23463086844641,10.391536101930999,4.5466831254284905,-99.0,-99.0,11.6815008592099,4.03625907523494,-99.0,-99.0,6.81840775667204,18.5731763816459,-99.0,-99.0,10496.337678506523,5.993254289101515e+41,1.369770370953262e+42,8.218238914496534e+41,2.3114805117852524e+42
GN2,25505,189.26185836,62.266997332,1.574946433936163,-99.0,-99.0,0.59361115040366,0.952796345917108,16.6160443027833,3.1334217814862497,3.68694955490845,0.908354142343621,0.752117410194911,0.7343580770509799,5.4931541345113795,0.822511253908746,25.270314806302498,1.04754876592753,11822.270292740292,1.5932879841589544e+41,9.926502313467184e+40,-1.655500790989172e+43,-1.655500790989172e+43
GN3,25505,189.26185836,62.266997332,1.574946433936163,-99.0,-99.0,0.59361115040366,0.952796345917108,16.6160443027833,3.1334217814862497,3.68694955490845,0.908354142343621,0.752117410194911,0.7343580770509799,5.4931541345113795,0.822511253908746,25.270314806302498,1.04754876592753,11822.270292740292,1.5932879841589544e+41,9.926502313467184e+40,-1.655500790989172e+43,-1.655500790989172e+43
GN4,25505,189.26185836,62.266997332,1.574946433936163,-99.0,-99.0,0.59361115040366,0.952796345917108,16.6160443027833,3.1334217814862497,3.68694955490845,0.908354142343621,0.752117410194911,0.7343580770509799,5.4931541345113795,0.822511253908746,25.270314806302498,1.04754876592753,11822.270292740292,1.5932879841589544e+41,9.926502313467184e+40,-1.655500790989172e+43,-1.655500790989172e+43
GN2,13352,189.19266463,62.20808387600001,1.589789407396005,-99.0,-99.0,3.10556143889579,1.4199865577772701,-99.0,-99.0,0.45457465917825896,1.2273549253857,1.3715864591170701,1.78883185912259,4.3822425095047,1.91130255945396,10.1809226735657,1.28827180146487,11960.35173796215,2.430326184742158e+41,5.315210374306817e+41,-1.694398379841656e+43,-1.694398379841656e+43
GN2,11785,189.23250176,62.20029981799999,1.919360936208572,0.261696245246934,1.78911586156353,2.42227807901753,2.71727023178576,-99.0,-99.0,2.06140972602872,1.77778265802833,3.33341459169937,1.92588383965988,9.63238461266368,2.18535529920095,3.4467267927802596,1.81628169757227,15091.763436948539,7.404661985678992e+41,6.600797447612414e+41,4.87540696288734e+41,7.131319573252074e+40
GN2,26410,189.2258273894941,62.2714218771636,1.863798645157712,0.503829964342166,0.670840257777902,0.187175354876521,1.10832933001108,-99.0,-99.0,1.01470847462261,0.6733873169771261,1.55930187503324,0.722659093465422,5.88205350539304,0.934425089209027,5.67618539265941,0.7214263745927689,14555.657822909548,2.8094734386152533e+41,4.744656427018066e+40,1.7004944602178702e+41,1.2771446753860015e+41
GN3,35084,189.24489199,62.32566672400001,1.563896852021337,-99.0,-99.0,0.970509647522972,0.9028957213843031,4.7707130112024805,1.72794298386897,1.24064422021768,0.9486067584599269,1.26735631828466,0.631021225177024,3.83183505643757,0.682064884518082,10.2008353440078,1.02456893729554,11719.658262140409,1.4837472273686125e+41,1.5948585916864588e+41,-1.626887491329365e+43,-1.626887491329365e+43
GN3,33438,189.1828782698184,62.3127340323187,1.683270498875124,2.05314939214091,1.03901206462678,0.129538227663445,1.0720547789644799,-99.0,-99.0,3.095677916208,0.9517855576872939,1.98816021107918,1.02684506333443,10.5263916548049,0.9226988404131871,22.1705702241773,1.01386702014056,12836.173157751435,2.1133943418563504e+41,2.553650828015152e+40,2.0482556130422098e+41,4.047474432722222e+41
GN5,33438,189.1828782698184,62.3127340323187,1.683270498875124,2.05314939214091,1.03901206462678,0.129538227663445,1.0720547789644799,-99.0,-99.0,3.095677916208,0.9517855576872939,1.98816021107918,1.02684506333443,10.5263916548049,0.9226988404131871,22.1705702241773,1.01386702014056,12836.173157751435,2.1133943418563504e+41,2.553650828015152e+40,2.0482556130422098e+41,4.047474432722222e+41
GN3,35269,189.2729529,62.32691829099998,1.629864946197676,0.501469648350737,0.836708764955363,-99.0,-99.0,4.51264078416766,4.05969642683015,1.4668846921657799,0.760631012477688,1.0676937891698,0.611789658360773,5.0298143935367605,0.537866068252838,7.880918481887369,0.807231946138855,12334.529596117844,-1.802074770786824e+43,-1.802074770786824e+43,1.5230421775982446e+41,9.128139410183874e+40
GN3,34470,189.26023761,62.32050135,1.987366427448259,0.703438773323836,0.684148116806417,0.215307570698658,0.472609371421113,-99.0,-99.0,1.4391257611336798,0.636388701850005,1.4481069786237601,1.08254656080224,5.22123086148179,0.41541863174682303,8.11006321406587,0.766665526944661,15752.044745901161,1.4030354096589812e+41,6.391835708833271e+40,2.0310304690839878e+41,2.0882986398105288e+41
GN3,26652,189.26198636,62.272441379,1.864864413426283,-99.0,-99.0,1.30591852009084,0.580670057920214,-99.0,-99.0,2.33325775684244,0.684822279157419,1.68075028769757,0.444295010781684,6.06217766455327,0.518825530534121,14.4944537424557,0.7288146496373621,14565.911908525632,1.4739991047112561e+41,3.3150025615824636e+41,-2.5130607196981574e+43,-2.5130607196981574e+43
GN4,26652,189.26198636,62.272441379,1.864864413426283,-99.0,-99.0,1.30591852009084,0.580670057920214,-99.0,-99.0,2.33325775684244,0.684822279157419,1.68075028769757,0.444295010781684,6.06217766455327,0.518825530534121,14.4944537424557,0.7288146496373621,14565.911908525632,1.4739991047112561e+41,3.3150025615824636e+41,-2.5130607196981574e+43,-2.5130607196981574e+43
GN3,34721,189.3180489,62.322352404,2.122199976259269,-99.0,-99.0,2.1933985197543002,1.06808996725851,-99.0,-99.0,2.96811195425211,0.65900887065774,1.34914327969726,0.897050879366832,8.55932444765588,1.08732781360022,23.7897085348519,0.8319392727415511,17073.838788144694,3.725311712281385e+41,7.650191880665513e+41,-3.452947512113415e+43,-3.452947512113415e+43
GN3,36512,189.21561906,62.33912736700001,1.360468720530498,0.839069186525509,0.158467149835318,3.01536219291622,0.854029399831102,-99.0,-99.0,3.8669123674724,0.167856090279118,0.801751095846753,0.39887096138480904,1.81696716300237,0.494797088799781,6.07081856723683,0.20313376695488802,9859.783216151573,9.933447101004832e+40,3.5072493803640565e+41,1.8431743104481491e+40,9.759440810916638e+40
GN3,31128,189.2138655140478,62.29747924876376,1.864733795690193,1.42023955217872,0.77363279328955,3.91994848950599,1.53559547500396,-99.0,-99.0,2.86975014639574,0.770783975755704,2.14403886248609,1.25517080898396,7.44515051354737,1.28603278552431,2.73783631154095,0.777671927560196,14564.655132724014,3.897352289125651e+41,9.948857278829513e+41,1.9634855578497485e+41,3.604578132646719e+41
GN5,31128,189.2138655140478,62.29747924876376,1.864733795690193,1.42023955217872,0.77363279328955,3.91994848950599,1.53559547500396,-99.0,-99.0,2.86975014639574,0.770783975755704,2.14403886248609,1.25517080898396,7.44515051354737,1.28603278552431,2.73783631154095,0.777671927560196,14564.655132724014,3.897352289125651e+41,9.948857278829513e+41,1.9634855578497485e+41,3.604578132646719e+41
GN3,31922,189.33562255,62.301781951,1.747227846222083,-99.0,-99.0,0.321196497532166,2.21521757575329,-99.0,-99.0,1.24065095878098,1.09261522631513,1.9760770361796798,1.90612449375555,1.4217394948068698,1.8255322864828,5.553564281993769,1.26550653472784,13441.27450320085,4.788392244321383e+41,6.942951493887503e+40,-2.1399741378749888e+43,-2.1399741378749888e+43
GN3,28040,189.30388648,62.28026409499998,1.459896667663112,10.8793607842813,1.34568240451571,6.478309430090331,1.22633458568226,-99.0,-99.0,11.9094211787745,1.26428242750242,1.29397446950544,0.720155071559317,3.8066686087889,0.7682714986340851,17.8689158856929,1.26786191383143,10761.663260412712,1.6992614419487226e+41,8.97662151266892e+41,1.8646348637637284e+41,1.5074905747270614e+42
GN4,28040,189.30388648,62.28026409499998,1.459896667663112,10.8793607842813,1.34568240451571,6.478309430090331,1.22633458568226,-99.0,-99.0,11.9094211787745,1.26428242750242,1.29397446950544,0.720155071559317,3.8066686087889,0.7682714986340851,17.8689158856929,1.26786191383143,10761.663260412712,1.6992614419487226e+41,8.97662151266892e+41,1.8646348637637284e+41,1.5074905747270614e+42
GN3,30511,189.23978021,62.29342603700001,1.48972733727871,0.624596939334266,1.23322967416182,1.39380550450891,1.40974216284128,-99.0,-99.0,5.14126218625661,1.06553130181723,2.04382543230778,1.47847271395481,1.30552210360756,1.55940672767912,6.47154520824249,1.11787988671884,11034.971173150461,2.0538774373990464e+41,2.030659047654341e+41,1.7967133775632938e+41,9.099859498999626e+40
GN4,30511,189.23978021,62.29342603700001,1.48972733727871,0.624596939334266,1.23322967416182,1.39380550450891,1.40974216284128,-99.0,-99.0,5.14126218625661,1.06553130181723,2.04382543230778,1.47847271395481,1.30552210360756,1.55940672767912,6.47154520824249,1.11787988671884,11034.971173150461,2.0538774373990464e+41,2.030659047654341e+41,1.7967133775632938e+41,9.099859498999626e+40
GN3,30529,189.33446511,62.29348321099999,2.01037161620025,-99.0,-99.0,7.881927906431421,3.70283103652201,-99.0,-99.0,3.29453185652832,0.6557791324179361,2.20713714358435,1.8133605600275098,6.81239444440903,1.23678101974424,19.0100879839769,0.754482527870007,15976.400117324683,1.1307957865874737e+42,2.4070368803947713e+42,-3.023329494864313e+43,-3.023329494864313e+43
GN3,28073,189.25705597,62.28104838600002,1.751822994300403,1.68673783630751,1.38564556549001,-99.0,-99.0,-99.0,-99.0,5.4776087560079,1.27699412964577,3.4880951097877304,1.9162937511332099,5.610546778697209,1.91274051984053,10.570229944961,1.3967574731903298,13484.926126304694,-2.1538961849519485e+43,-2.1538961849519485e+43,3.0146835325298153e+41,3.6697557481180306e+41
GN4,28073,189.25705597,62.28104838600002,1.751822994300403,1.68673783630751,1.38564556549001,-99.0,-99.0,-99.0,-99.0,5.4776087560079,1.27699412964577,3.4880951097877304,1.9162937511332099,5.610546778697209,1.91274051984053,10.570229944961,1.3967574731903298,13484.926126304694,-2.1538961849519485e+43,-2.1538961849519485e+43,3.0146835325298153e+41,3.6697557481180306e+41
GN3,34179,189.21322199,62.31785303900001,1.609606073265577,-99.0,-99.0,0.386425157051605,0.531172470153477,41.3544747423201,19.1558005956954,1.60885835692626,0.587587693902382,1.01218573387763,0.422872927618472,4.39206481594565,0.392056131767381,15.552236011591,0.637971051162613,12145.129963235413,9.374159102392912e+40,6.8196510679897505e+40,-1.7471570973336583e+43,-1.7471570973336583e+43
GN5,34179,189.21322199,62.31785303900001,1.609606073265577,-99.0,-99.0,0.386425157051605,0.531172470153477,41.3544747423201,19.1558005956954,1.60885835692626,0.587587693902382,1.01218573387763,0.422872927618472,4.39206481594565,0.392056131767381,15.552236011591,0.637971051162613,12145.129963235413,9.374159102392912e+40,6.8196510679897505e+40,-1.7471570973336583e+43,-1.7471570973336583e+43
GN3,27179,189.29775138,62.27560319999998,1.483099212646317,1.31058703374314,1.7081776084618798,-99.0,-99.0,10.9059702188093,1.06746442278559,2.82111234385353,1.47363275168447,2.59801915978844,2.29471124297491,4.08056040353416,2.08420399437953,3.89035855977967,1.46887312112209,10974.139537227755,-1.4264895015651913e+43,-1.4264895015651913e+43,2.4613105305854618e+41,1.8884228732546005e+41
GN4,27179,189.29775138,62.27560319999998,1.483099212646317,1.31058703374314,1.7081776084618798,-99.0,-99.0,10.9059702188093,1.06746442278559,2.82111234385353,1.47363275168447,2.59801915978844,2.29471124297491,4.08056040353416,2.08420399437953,3.89035855977967,1.46887312112209,10974.139537227755,-1.4264895015651913e+43,-1.4264895015651913e+43,2.4613105305854618e+41,1.8884228732546005e+41
GN3,34824,189.33346734,62.32333523000002,2.308632268434855,-99.0,-99.0,0.684079827968605,1.09388702130695,-99.0,-99.0,2.13538661550706,0.982900846053857,2.00947778826868,1.2078987128046799,3.5371488376514,1.27740852295654,11.607720455080498,1.13474016294505,18927.064008467856,4.6884727960345436e+41,2.9320118086004917e+41,-4.2432060877077966e+43,-4.2432060877077966e+43
GN3,35204,189.27838695,62.326530233,2.097219711793285,-99.0,-99.0,0.569897301158394,0.412350017560399,-99.0,-99.0,4.09673191320123,0.5768729167611051,1.4188561835032,0.8489846305242961,9.859144064535279,0.937961401526972,20.4721188545419,0.734520705609277,16827.729932705344,1.3970421631180337e+41,1.9308124759539584e+41,-3.3541207289612104e+43,-3.3541207289612104e+43
GN3,32668,189.3213944,62.30646098799999,1.779707113509994,0.281296856154836,0.8100700907409151,1.83726467095252,1.44237416734432,-99.0,-99.0,3.87180721762417,0.8040244107964919,1.8733076143276601,1.1647750290349301,6.4710817778787595,1.23665739040936,13.5216832836101,0.9381080394471549,13750.308104922104,3.2628358390803535e+41,4.156128936569492e+41,1.8324827108509706e+41,6.363296601273147e+40
GN4,26304,189.3115321102167,62.27133179001452,1.631704534045434,7.294978753929151,1.20374631478694,1.6454469339484201,0.9691188918819099,46.2141182421351,8.76060372839409,1.23732373623363,1.09499145208236,1.48080374643425,0.661270846579095,6.99393854563828,0.725390004703568,13.3555106455479,1.13024917043315,12351.75252290649,1.7689951906832823e+41,3.003540367505286e+41,2.1972757517147833e+41,1.3315995013550802e+42
GN4,18633,189.3493450684482,62.23346280729702,1.623001749691004,-99.0,-99.0,0.23130235040026598,2.24486201186185,8.54678621871328,8.5331747973736,4.29438956061431,1.6327111896253501,5.762881534085129,1.71554092400851,4.1768439389010705,1.8246375862695599,4.43207521124909,1.4027690358962899,12270.309843581896,4.043832318423745e+41,4.1666165445073726e+40,-1.783358609164205e+43,-1.783358609164205e+43
GN4,25827,189.3110870542668,62.26830782048237,1.815265655586683,-99.0,-99.0,0.0638472728787948,0.602325991352632,-99.0,-99.0,1.71990020408301,0.754433177346905,1.61029321643313,0.597497579700906,3.01237458613612,0.526225339617461,6.6278285272793305,0.912460433848285,14089.94735339392,1.430680882893789e+41,1.5165387853753897e+40,-2.351507480001198e+43,-2.351507480001198e+43
GN4,24427,189.3707711817513,62.26168389989362,1.774389089958348,-99.0,-99.0,10.6003922975075,1.67830113307571,-99.0,-99.0,23.6846472110587,1.0373518698116602,5.3114638276358805,1.55107960221415,44.4683229913688,1.4182006381328098,138.640616454003,1.44795833203174,13699.629403645591,3.768599228695776e+41,2.3803016901411622e+42,-2.2230296833390223e+43,-2.2230296833390223e+43
GN5,32712,189.141102049698,62.30693342945782,1.989084408083063,-99.0,-99.0,0.456508661089012,0.316845565119179,-99.0,-99.0,1.11542783181583,0.330495998185633,0.708572184889116,0.535251426831689,2.65675217888405,0.26608428469740303,8.39493308395449,0.383010284951449,15768.782071914005,9.426193793830715e+40,1.3581187751100828e+41,-2.945261945636599e+43,-2.945261945636599e+43
GN5,31400,189.1721824999999,62.29880746899976,2.326525654790457,-99.0,-99.0,1.63666982941923,0.425500173182008,-99.0,-99.0,2.20727856886555,0.395219815600334,0.632475163978366,0.46334545270838695,4.76688234448884,0.508121658670688,10.9032697649239,0.57309166302799,19106.393603694065,1.8584445635478165e+41,7.148434568335249e+41,-4.323993816861121e+43,-4.323993816861121e+43
GN7,17927,189.10311597,62.23017693300001,1.346439720844666,-99.0,-99.0,-99.0,-99.0,9.78875507176125,0.259522101538041,3.28749493670749,0.329238647914661,2.49359981464335,0.822508604876136,6.44153037459882,0.687360915241509,22.2190683135335,0.445114706421825,9733.701536756436,-1.122234651969444e+43,-1.122234651969444e+43,-1.122234651969444e+43,-1.122234651969444e+43
GN7,15120,189.13158909,62.21641090499999,1.718531936070902,-99.0,-99.0,1.58127004790076,0.536446622493173,-99.0,-99.0,1.55167482045806,0.524398332614704,1.19147573450581,0.489836294068161,4.20211900234486,0.439322188070637,13.8244212272855,0.611723027613852,13169.209357071766,1.1131106763170674e+41,3.2810879939525326e+41,-2.0542203517516247e+43,-2.0542203517516247e+43
GN7,19341,189.08746705,62.23672211100001,1.868149721128366,0.284129634911172,0.22988604883771702,1.0196961294537499,0.7677322388261469,-99.0,-99.0,0.407249263491089,0.224357577984269,0.978387652503232,0.465738609937764,1.1444211195307,0.624936125516758,3.43358515452716,0.266174835711254,14597.528145208393,1.9573155650950433e+41,2.599691669713716e+41,5.860891582151681e+40,7.24381924831927e+40
GN7,18180,189.09795842,62.23176246700001,1.670372790189697,0.641422275407985,0.41007232068012905,-99.0,-99.0,-99.0,-99.0,0.985020941225077,0.37503511116537497,1.97560232956339,0.649281368320005,5.605246136280139,0.6591373185334181,8.39906443188203,0.39821899105201897,12714.715566522165,-1.9148771743587036e+43,-1.9148771743587036e+43,7.931698249562439e+40,1.2406513881858308e+41
GN7,17179,189.09980933,62.22680000699999,1.380230335335108,0.452271563166625,0.373276157252552,-99.0,-99.0,2.53207304994776,0.28704992425584197,0.368395955505159,0.473053660359723,0.681090030328657,0.599267426093812,0.946537101957524,0.639394425497626,1.9388966037027,0.47414552867458803,10037.887788449902,-1.1934721710491456e+43,-1.1934721710491456e+43,4.499946523202884e+40,5.452257822184472e+40
GN7,15127,189.173707,62.216187483,1.648031388596688,3.03112342017782,0.6238896928847341,0.9453732820721661,0.802296212625597,30.5106875784865,4.56247407968332,6.54756869747135,0.575473791619868,0.882105368737291,0.656050362911113,4.36200588812147,0.5441932833141331,12.1337861345172,0.6256739931727461,12504.789039075373,1.5009972965336878e+41,1.768676853105997e+41,1.167220694325064e+41,5.670858203677e+41
GN7,12435,189.1374505,62.20380927400003,1.982799853555405,1.61676424830996,0.6993258739598179,0.566537243606411,0.506378424382061,-99.0,-99.0,1.49854906858519,0.6460922692774,1.5939176439568299,1.23268837694217,4.39188265660869,0.428717749021239,4.13387955084641,0.701377830263223,15707.568646472046,1.4948084873429347e+41,1.6723948718237213e+41,2.0643815010272467e+41,4.772622220931979e+41
GN7,10964,189.14307684,62.19668154099999,1.507872203441683,2.25639945554719,0.7052151228742529,0.358965229385439,1.00954421605325,3.80679462720957,0.476640197475315,0.7526102030589881,0.6325407397476001,1.30695830076589,0.736464844550376,4.89222478053208,0.822337136483554,9.041815035143511,0.713094074449934,11201.80382517862,1.5156317676189487e+41,5.389155784123645e+40,1.058741584803592e+41,3.387539288407982e+41
GN7,19464,189.08706093,62.23762108399999,2.087625181329412,1.5029636507913302,0.513339733792971,4.57016069800563,1.35199565124594,-99.0,-99.0,1.23150188055167,0.492894656256487,3.83036612899589,0.9400759758961771,4.71252138942036,0.8327263338709949,8.740661964195,0.543126253197519,16733.348188310243,4.529324325864217e+41,1.5310507843356978e+42,1.7197408449934523e+41,5.035082633694461e+41
GN7,19875,189.07352356,62.23950402800002,1.609208983273829,-99.0,-99.0,-99.0,-99.0,35.7973452211997,6.90032555444843,1.20207086163053,0.556799256287143,2.51211856058377,2.11025988281248,8.03213272812577,1.5223518397977,5.885079208244029,0.5309190940525821,12141.422586954908,-1.7460905990463501e+43,-1.7460905990463501e+43,-1.7460905990463501e+43,-1.7460905990463501e+43
GN7,17293,189.10521849,62.227457794,1.856828165184493,-99.0,-99.0,0.42151579414939,0.30386981042193,-99.0,-99.0,1.29964518897009,0.197014446789631,0.883292259718657,0.217851018282845,3.58721770947929,0.272992323985104,14.0422230689859,0.23428063401758598,14488.62127220173,7.631925188969592e+40,1.0586695014060153e+41,-2.4864615298863574e+43,-2.4864615298863574e+43
GN7,19160,189.07633014,62.23587265,2.085693466939652,0.391360950939946,0.780345901892825,2.09396741567158,1.9366919127477598,-99.0,-99.0,2.50516114748033,0.790523090463328,1.34389172889992,1.15649087249032,7.037429746742281,0.9664565719605159,11.0081212992468,0.8976232686943351,16714.35563784711,6.473397047066513e+41,6.99909076711643e+41,2.6083079212307264e+41,1.308124853249052e+41
GN7,21898,189.12147181,62.24975488999998,1.91594420510651,0.903063576749908,0.27397878897142897,-99.0,-99.0,-99.0,-99.0,1.09588547732685,0.261567404075359,1.16010125284188,0.7850903578612239,6.132304793298189,0.9224722510764699,0.44379994849881205,0.310772702460679,15058.707691076912,-2.6859815804173726e+43,-2.6859815804173726e+43,7.433353339417338e+40,2.450113265753619e+41
GS1,47549,53.251178943,-27.688488379,2.46309139837511,1.0481626759712,1.14889319932349,-99.0,-99.0,-99.0,-99.0,-99.0,-99.0,-99.0,-99.0,2.24160355403386,1.4413420515870898,-99.0,-99.0,20482.97605639819,-4.969511940495429e+43,-4.969511940495429e+43,5.767109568072808e+41,5.261471650323758e+41
GS1,47348,53.25123904500001,-27.688361481,1.427606062290447,0.127859885189149,0.35322353038689697,3.13094657607706,1.05808571721735,24.0089229840831,0.618008696978423,7.74124173077123,0.896903814337745,2.2243624753751,0.5673455554757101,10.2571214250408,0.576895116410232,50.573437155925404,1.07354189598799,10467.207204994136,1.386995090979937e+41,4.104211464606015e+41,4.630242093747027e+40,1.676055448106753e+40
GS1,49063,53.26782079300001,-27.67722659099999,1.528316395128181,11.1701295202318,2.5937266774136303,178.82824982075698,2.84565618356632,6.7884212416721805,2.1926360976162003,15.758717496713402,2.4579141717510202,149.827391492764,5.7191880801826995,570.938119207903,3.94378206091244,16.5403818064339,2.49608058706062,11390.302178433181,4.4171825481001305e+41,2.7758695121965654e+43,4.026123844537951e+41,1.733888354528831e+42
GS1,47672,53.235267067,-27.687074913,1.886363127295589,0.7008962762121951,0.816095080560379,-99.0,-99.0,-99.0,-99.0,1.00037250106169,0.789427465885299,0.792533085752554,0.511675539514958,2.1039701065311798,0.430181280340221,3.55367160499978,0.855676083344219,14773.003600259768,-2.585027878270077e+43,-2.585027878270077e+43,2.1309379137046914e+41,1.8301377917012203e+41
GS1,48918,53.244906553,-27.678756411,1.541509550284347,1.06825302879724,1.67546925142535,1.27285672087547,1.3505110209192,43.5665785542069,1.50065154521054,8.90757190285904,1.48918931818366,3.6304269707763397,1.0500863738278,25.6111214129649,0.8828782580854321,56.4203117881233,1.6032678591604401,11512.23592196028,2.141459789323041e+41,2.0183259840924182e+41,2.656735098490713e+41,1.6938928083939755e+41
GS2,39837,53.141720131,-27.724509571,1.602418399227992,-99.0,-99.0,-99.0,-99.0,11.643357209050901,5.37074297909231,0.969938356643017,0.5991751302528601,1.31565717719055,0.506960523717611,6.015985612138341,0.431912296574947,9.293325892235181,0.6928814607020409,12078.053235555653,-1.7279115305768057e+43,-1.7279115305768057e+43,-1.7279115305768057e+43,-1.7279115305768057e+43
GS3,39837,53.141720131,-27.724509571,1.602418399227992,-99.0,-99.0,-99.0,-99.0,11.643357209050901,5.37074297909231,0.969938356643017,0.5991751302528601,1.31565717719055,0.506960523717611,6.015985612138341,0.431912296574947,9.293325892235181,0.6928814607020409,12078.053235555653,-1.7279115305768057e+43,-1.7279115305768057e+43,-1.7279115305768057e+43,-1.7279115305768057e+43
GS2,48802,53.12051680900001,-27.68102940099999,1.764424495358114,-99.0,-99.0,0.366805730394549,0.405873345360467,-99.0,-99.0,13.7474043942318,5.53233531687937,1.15444699114615,0.329274081063529,8.52397523518329,0.345924237746404,9.7315686107284,5.55106912040162,13604.753409960002,8.988025776777072e+40,8.122877241243124e+40,-2.1923453758971587e+43,-2.1923453758971587e+43
GS5,48802,53.12051680900001,-27.68102940099999,1.764424495358114,-99.0,-99.0,0.366805730394549,0.405873345360467,-99.0,-99.0,13.7474043942318,5.53233531687937,1.15444699114615,0.329274081063529,8.52397523518329,0.345924237746404,9.7315686107284,5.55106912040162,13604.753409960002,8.988025776777072e+40,8.122877241243124e+40,-2.1923453758971587e+43,-2.1923453758971587e+43
GS2,41781,53.090537799,-27.71529899800001,2.295341541278134,-99.0,-99.0,0.578498273709089,0.518591025542522,-99.0,-99.0,2.23231656417186,0.8089149625687939,1.55057469016158,1.28471676980378,3.93420955500037,1.0020864053608198,11.667035863375101,0.9057339898671901,18794.02296168289,2.19157800051546e+41,2.4447474552238568e+41,-4.183763531658733e+43,-4.183763531658733e+43
GS5,41781,53.090537799,-27.71529899800001,2.295341541278134,-99.0,-99.0,0.578498273709089,0.518591025542522,-99.0,-99.0,2.23231656417186,0.8089149625687939,1.55057469016158,1.28471676980378,3.93420955500037,1.0020864053608198,11.667035863375101,0.9057339898671901,18794.02296168289,2.19157800051546e+41,2.4447474552238568e+41,-4.183763531658733e+43,-4.183763531658733e+43
ERSPRIME,41781,53.090537799,-27.71529899800001,2.295341541278134,-99.0,-99.0,0.578498273709089,0.518591025542522,-99.0,-99.0,2.23231656417186,0.8089149625687939,1.55057469016158,1.28471676980378,3.93420955500037,1.0020864053608198,11.667035863375101,0.9057339898671901,18794.02296168289,2.19157800051546e+41,2.4447474552238568e+41,-4.183763531658733e+43,-4.183763531658733e+43
GS2,43105,53.09684925301901,-27.70878765775666,2.079915589200292,0.46970282449296696,0.381572813519106,0.726280197891768,0.31471203642461304,-99.0,-99.0,1.70496236591953,0.382406966938805,0.8468374218479,0.5309713541856019,4.636588420638771,0.474458891971208,8.34566447707006,0.46082109271434196,16657.56740404017,1.0447898406648458e+41,2.411125360358247e+41,1.2667561227330451e+41,1.5593326036622319e+41
GS5,43105,53.09684925301901,-27.70878765775666,2.079915589200292,0.46970282449296696,0.381572813519106,0.726280197891768,0.31471203642461304,-99.0,-99.0,1.70496236591953,0.382406966938805,0.8468374218479,0.5309713541856019,4.636588420638771,0.474458891971208,8.34566447707006,0.46082109271434196,16657.56740404017,1.0447898406648458e+41,2.411125360358247e+41,1.2667561227330451e+41,1.5593326036622319e+41
GS2,45068,53.13756758900001,-27.700105148,2.447249636158983,0.409975840835019,0.638532801866602,1.08578215359228,0.738596772398155,-99.0,-99.0,1.9051812601117002,1.1684628847361,1.94517876357945,0.908784418553267,2.40839401458011,0.593423876221498,8.91802363940971,6.246365332271281,20322.592265349,3.6497073533166905e+41,5.365291669497791e+41,3.1552505364187644e+41,2.0258575408059816e+41
GS3,45068,53.13756758900001,-27.700105148,2.447249636158983,0.409975840835019,0.638532801866602,1.08578215359228,0.738596772398155,-99.0,-99.0,1.9051812601117002,1.1684628847361,1.94517876357945,0.908784418553267,2.40839401458011,0.593423876221498,8.91802363940971,6.246365332271281,20322.592265349,3.6497073533166905e+41,5.365291669497791e+41,3.1552505364187644e+41,2.0258575408059816e+41
GS2,44676,53.08486316199998,-27.701470269,1.807896959932204,-99.0,-99.0,-99.0,-99.0,-99.0,-99.0,0.953409515758539,0.627378439500769,22.655217601052698,9.42864913702627,27.4924919078575,10.407937075858099,18.0468389655099,0.680427495103238,14019.454266665596,-2.328036795685665e+43,-2.328036795685665e+43,-2.328036795685665e+43,-2.328036795685665e+43
GS5,44676,53.08486316199998,-27.701470269,1.807896959932204,-99.0,-99.0,-99.0,-99.0,-99.0,-99.0,0.953409515758539,0.627378439500769,22.655217601052698,9.42864913702627,27.4924919078575,10.407937075858099,18.0468389655099,0.680427495103238,14019.454266665596,-2.328036795685665e+43,-2.328036795685665e+43,-2.328036795685665e+43,-2.328036795685665e+43
ERSPRIME,44676,53.08486316199998,-27.701470269,1.807896959932204,-99.0,-99.0,-99.0,-99.0,-99.0,-99.0,0.953409515758539,0.627378439500769,22.655217601052698,9.42864913702627,27.4924919078575,10.407937075858099,18.0468389655099,0.680427495103238,14019.454266665596,-2.328036795685665e+43,-2.328036795685665e+43,-2.328036795685665e+43,-2.328036795685665e+43
GS2,42235,53.134819081,-27.713359455,2.432317502474164,-99.0,-99.0,0.920178373727791,1.30522876702496,-99.0,-99.0,1.86637396545518,1.18934294834269,3.2327089533530096,1.0040692791211199,9.30409332578947,1.06561535866511,15.314484673533999,5.9105712880324495,20171.582399194005,6.354172540492686e+41,4.479653147718689e+41,-4.819561883719547e+43,-4.819561883719547e+43
GS3,42235,53.134819081,-27.713359455,2.432317502474164,-99.0,-99.0,0.920178373727791,1.30522876702496,-99.0,-99.0,1.86637396545518,1.18934294834269,3.2327089533530096,1.0040692791211199,9.30409332578947,1.06561535866511,15.314484673533999,5.9105712880324495,20171.582399194005,6.354172540492686e+41,4.479653147718689e+41,-4.819561883719547e+43,-4.819561883719547e+43
GS5,42235,53.134819081,-27.713359455,2.432317502474164,-99.0,-99.0,0.920178373727791,1.30522876702496,-99.0,-99.0,1.86637396545518,1.18934294834269,3.2327089533530096,1.0040692791211199,9.30409332578947,1.06561535866511,15.314484673533999,5.9105712880324495,20171.582399194005,6.354172540492686e+41,4.479653147718689e+41,-4.819561883719547e+43,-4.819561883719547e+43
GS2,44083,53.13483371399999,-27.70412384199999,2.359037676013152,0.216890140231642,0.269260688548494,0.476877005349342,0.385325030453769,-99.0,-99.0,0.571768542107118,0.26518142188891897,1.11507398211625,0.581251596381809,1.0324440395433498,0.377368320569443,4.53448058179612,0.601790835679803,19432.85868297602,1.7409770072557298e+41,2.15462748585128e+41,1.2165746594990997e+41,9.799538503872613e+40
GS3,44083,53.13483371399999,-27.70412384199999,2.359037676013152,0.216890140231642,0.269260688548494,0.476877005349342,0.385325030453769,-99.0,-99.0,0.571768542107118,0.26518142188891897,1.11507398211625,0.581251596381809,1.0324440395433498,0.377368320569443,4.53448058179612,0.601790835679803,19432.85868297602,1.7409770072557298e+41,2.15462748585128e+41,1.2165746594990997e+41,9.799538503872613e+40
GS2,43953,53.10447981178636,-27.70608241168996,2.134980937542391,4.72961733356218,1.11065639332419,-99.0,-99.0,-99.0,-99.0,3.6011145192177296,1.02962828984938,4.75335197407832,2.18754180766042,8.979412360313031,1.78750742147082,7.4868704502296,1.14039297739171,17199.96719102003,-3.5041513901091576e+43,-3.5041513901091576e+43,3.931220348081398e+41,1.6740702175844725e+42
GS5,43953,53.10447981178636,-27.70608241168996,2.134980937542391,4.72961733356218,1.11065639332419,-99.0,-99.0,-99.0,-99.0,3.6011145192177296,1.02962828984938,4.75335197407832,2.18754180766042,8.979412360313031,1.78750742147082,7.4868704502296,1.14039297739171,17199.96719102003,-3.5041513901091576e+43,-3.5041513901091576e+43,3.931220348081398e+41,1.6740702175844725e+42
GS2,43659,53.12600637945287,-27.7060558724684,1.609368394691672,-99.0,-99.0,0.677456463426791,0.6042437767944829,4.174356181972381,3.4052429633814905,2.32403602273712,0.6324497350274779,0.9622370954946491,0.47523996317846495,3.1150838130545897,0.49295861128340795,5.51369650238102,0.6668362978192399,12142.910886557009,1.065982883159897e+41,1.195141798447715e+41,-1.7465186980109152e+43,-1.7465186980109152e+43
GS5,43659,53.12600637945287,-27.7060558724684,1.609368394691672,-99.0,-99.0,0.677456463426791,0.6042437767944829,4.174356181972381,3.4052429633814905,2.32403602273712,0.6324497350274779,0.9622370954946491,0.47523996317846495,3.1150838130545897,0.49295861128340795,5.51369650238102,0.6668362978192399,12142.910886557009,1.065982883159897e+41,1.195141798447715e+41,-1.7465186980109152e+43,-1.7465186980109152e+43
GS2,39795,53.15137111,-27.72442475599999,1.417467820462218,0.44325911555478503,0.326980856349132,1.28570734089322,0.851300956607071,2.42111792894581,0.574044534377816,1.62806578963791,0.966135868712082,1.0690820613888101,0.493864638226051,2.08804592378929,0.537556073533578,1.5198755166484101,0.9098633364486011,10375.061309616076,1.0963693707162128e+41,1.655830570047085e+41,4.21110528455817e+40,5.708624121860739e+40
GS3,39795,53.15137111,-27.72442475599999,1.417467820462218,0.44325911555478503,0.326980856349132,1.28570734089322,0.851300956607071,2.42111792894581,0.574044534377816,1.62806578963791,0.966135868712082,1.0690820613888101,0.493864638226051,2.08804592378929,0.537556073533578,1.5198755166484101,0.9098633364486011,10375.061309616076,1.0963693707162128e+41,1.655830570047085e+41,4.21110528455817e+40,5.708624121860739e+40
GS2,45531,53.145430608,-27.69800849900001,2.310881672594445,-99.0,-99.0,0.204706552531533,0.330930525425585,-99.0,-99.0,3.159113940234,0.490857867288694,1.55096503122135,0.596298667603146,5.7838479820827695,0.636511925900739,16.2017718716648,0.611065814082274,18949.594238956193,1.4217691549345032e+41,8.794760224310565e+40,-4.2533140802741344e+43,-4.2533140802741344e+43
GS3,45531,53.145430608,-27.69800849900001,2.310881672594445,-99.0,-99.0,0.204706552531533,0.330930525425585,-99.0,-99.0,3.159113940234,0.490857867288694,1.55096503122135,0.596298667603146,5.7838479820827695,0.636511925900739,16.2017718716648,0.611065814082274,18949.594238956193,1.4217691549345032e+41,8.794760224310565e+40,-4.2533140802741344e+43,-4.2533140802741344e+43
GS2,49198,53.13875419199999,-27.67591054099999,1.730957206659501,-99.0,-99.0,2.16457077488022,0.8957571346145901,-99.0,-99.0,3.17429465220317,1.447524271342,0.921262634887729,0.805627278937225,3.1573094340411703,0.740937766706546,3.9621720308502,1.52530033878682,13286.899911048782,1.8920387736559415e+41,4.572056058652525e+41,-2.091100716407147e+43,-2.091100716407147e+43
GS2,43264,53.13573335,-27.70843370499999,1.607145150510987,-99.0,-99.0,2.7369682495697902,0.8841711204284011,8.18485199309885,5.0613924967779695,2.9792363217369497,1.24983008352422,1.17307158930748,0.8746824992058401,7.37217832708989,0.70506384880339,3.7552163875442703,1.21950831478392,12122.157013774735,1.5544922622263897e+41,4.811959888323536e+41,-1.7405537277201166e+43,-1.7405537277201166e+43
GS3,43264,53.13573335,-27.70843370499999,1.607145150510987,-99.0,-99.0,2.7369682495697902,0.8841711204284011,8.18485199309885,5.0613924967779695,2.9792363217369497,1.24983008352422,1.17307158930748,0.8746824992058401,7.37217832708989,0.70506384880339,3.7552163875442703,1.21950831478392,12122.157013774735,1.5544922622263897e+41,4.811959888323536e+41,-1.7405537277201166e+43,-1.7405537277201166e+43
GS3,35937,53.15891177299982,-27.74267496700003,2.109427682457629,2.79168160201712,0.7712312354559431,0.360736666257282,0.385757580242386,-99.0,-99.0,5.932810627047879,0.7468681498261901,5.20030217332493,1.99877108830749,15.6099815934166,1.2551025775404399,2.35214205797343,0.858637559913775,16947.93669426515,1.3256856773905865e+41,1.2396993766562439e+41,2.6503956245209023e+41,9.593829143431204e+41
GS3,38540,53.173843028,-27.730911739,1.853015861529904,-99.0,-99.0,-99.0,-99.0,-99.0,-99.0,1.46441506057317,0.86694874489325,0.6810370884405911,0.460812396414323,1.88987582066752,0.491155529581927,4.1902668911934,0.828857368933285,14451.97859498692,-2.4739005838619414e+43,-2.4739005838619414e+43,-2.4739005838619414e+43,-2.4739005838619414e+43
GS3,36459,53.151927594,-27.741270335,1.400010472204937,3.5215283454441,1.2226642369531,1.27795656874728,2.21671282150113,2.9545794361311803,2.11372469947779,0.976049620867063,2.56396828838706,-99.0,-99.0,6.86563058505925,1.8933287985112799,4.86494860435801,2.4886235739624403,10216.73889679803,2.7683847707104743e+41,1.596000829802382e+41,1.5269479295839314e+41,4.3979289272801866e+41
GS3,38135,53.178637881,-27.732999015,1.686942951506126,-99.0,-99.0,1.44308937012201,0.567434267302043,-99.0,-99.0,0.838659789640736,0.648021383651746,1.37249376788348,0.49094681683464403,4.1997163798414,0.465678871045846,9.71756367515632,0.762747324465052,12870.79198656481,1.1246529618182956e+41,2.8601986658171176e+41,-1.9621769363594864e+43,-1.9621769363594864e+43
GS4,26021,53.16041168603473,-27.79036444296598,1.611728189795795,0.358703223931883,0.387738341660867,1.52650189161166,0.350365574333054,16.4338181794595,3.95837294047627,2.7138141834797103,0.362819756793235,0.982592415608345,0.267721020569354,5.57757573990422,0.24247996286279902,8.150507506036849,0.396174866305788,12164.94609200156,6.203463539194445e+40,2.7027766198635085e+41,6.865174096569298e+40,6.351087361504535e+40
GS4,24763,53.151610263,-27.796426177,1.773948988611268,1.7588167635413998,0.819281795072133,0.488552667378927,1.12989206303908,-99.0,-99.0,3.2147172022861303,0.7412031434482,1.69030001360883,1.16226414940691,8.19277770773883,0.91538622552869,8.37537237140835,0.799594044193934,13695.436782069773,2.5356024470960488e+41,1.096366086163456e+41,1.8385587370696425e+41,3.94697886241801e+41
GS4,26550,53.14928732699953,-27.78852181900022,1.90938439107909,-99.0,-99.0,1.05401317835563,0.467536600870776,-99.0,-99.0,2.96500009158872,0.436282520732642,0.831600632087382,0.496226877289158,9.66235846344186,0.40353377312977495,9.90354113828655,0.479706625682676,14995.275876527287,1.2578155645535172e+41,2.8356158181221488e+41,-2.6634009114767845e+43,-2.6634009114767845e+43
GS4,30443,53.15445973002883,-27.77143304700306,2.224506967796238,-99.0,-99.0,0.00815789266680857,0.342101340127694,-99.0,-99.0,4.6265517758455905,0.41044816695683,0.937883348963458,0.540701258234355,9.59489701302945,0.596906722415549,36.2327007042673,0.488469774316605,18087.31196311111,1.339045280160976e+41,3.1931437823284767e+39,-3.875035470087746e+43,-3.875035470087746e+43
GS4,24851,53.16747220600757,-27.79518660398728,1.767213249798377,-99.0,-99.0,0.36562400271946405,0.364459818159118,-99.0,-99.0,2.04911325468257,0.45388059371111,0.310198963474808,0.281474160736505,4.18021932073246,0.29523837599849,3.4430535639865303,0.524985271051252,13631.295101781368,8.10244931687034e+40,8.128330760930022e+40,-2.2009078707819573e+43,-2.2009078707819573e+43
GS4,27867,53.14608689799972,-27.78297226200007,1.429498814548898,0.5695262381696959,0.215354827663624,-99.0,-99.0,2.02945896376351,0.22899405970722603,0.723789959489761,0.357784515555209,0.68827479656669,0.41441594798314,2.62759666651354,0.40036288697824296,3.41460396863959,0.38181043776788204,10484.426558884452,-1.3020179979730988e+43,-1.3020179979730988e+43,2.8322814299841757e+40,7.490236489038967e+40
GS4,30427,53.15287329805953,-27.7724952020028,1.847395587201569,-99.0,-99.0,0.284302765048127,0.226505199007966,-99.0,-99.0,1.9400956173955,0.24789105478641,0.674637054259566,0.20480741062521002,2.49069202171798,0.191718478963623,16.2679491073384,0.296205390660086,14397.985498702772,5.61790081906364e+40,7.051426385006547e+40,-2.455449956659671e+43,-2.455449956659671e+43
GS4,25465,53.151253748,-27.792403374,1.84704871327309,0.401083478604744,0.282139658661676,0.404506134762492,0.405836677483128,-99.0,-99.0,1.94590751709167,0.273133331119497,0.729542595489858,0.29133593100196,5.11090469151869,0.351224415467621,13.7667898383303,0.325878303748944,14394.654200796176,1.0061116916140748e+41,1.0028131366492404e+41,6.994538073984644e+40,9.943280130324172e+40
GS4,28022,53.1817193110118,-27.78299198100316,1.571428099677381,0.357585084598198,0.95958670428798,0.47660145968717,0.88139445532431,22.625646129688803,8.7490824809089,1.1161999963740001,0.919002891757669,1.03151426296948,0.714381914018816,5.4737615627370495,0.620618935840643,7.363863615051089,0.895192758524576,11789.580484216169,1.4657484598403545e+41,7.925825392639799e+40,1.5957812366494416e+41,5.946597279408088e+40
GS4,31311,53.15381372103274,-27.76730366900831,2.311083765774677,-99.0,-99.0,-99.0,-99.0,-99.0,-99.0,1.9511971686066198,0.36379205953749705,0.582165391678949,0.45132797367657196,4.719224523497,0.488197206072244,8.855429164821281,0.451406096311224,18951.618613525112,-4.254222887150521e+43,-4.254222887150521e+43,-4.254222887150521e+43,-4.254222887150521e+43
GS4,24803,53.16132166107369,-27.79579392691231,1.491289054521509,0.361628497189712,0.495564535281636,2.58028144966111,0.540224711957822,10.0329780055354,0.35250936468448196,2.96309175253405,0.43160388002936295,1.00296070561254,0.306594721097018,6.8765468178475,0.35446830834883897,13.702882048364,0.456646274109263,11049.312959226278,7.891097784410772e+40,3.769034029707012e+41,7.238743655804451e+40,5.282331166620774e+40
GS4,28986,53.12845636800001,-27.778377637,1.905268679687895,0.0851704649456472,0.5027526648506491,-99.0,-99.0,-99.0,-99.0,0.527176333785914,0.48948725355144596,1.74107629865611,0.88136499549602,1.72264890426712,1.5804838528651202,4.15522561133088,0.563379928770156,14955.49964383706,-2.6492898610615356e+43,-2.6492898610615356e+43,1.3453914521318112e+41,2.279204537802021e+40
GS4,24365,53.14858355501035,-27.79693819391222,1.766546238808497,-99.0,-99.0,1.7717940619209698,1.16815766212172,-99.0,-99.0,6.166902937591421,0.78721720747914,1.1626506464203699,0.94598601014652,11.1645803293609,0.941651286349334,34.0207596888092,0.894175804352674,13624.946118762426,2.5945585646779673e+41,3.935276553212056e+41,-2.1988581356097312e+43,-2.1988581356097312e+43
GS5,40305,53.12281861918961,-27.72280343860601,1.613192758308597,0.667260157416697,1.0354631083814,3.60750055763277,0.7120504566036999,20.321133526704102,8.02599320137214,1.2395380740125599,0.9580718316383829,1.01965527714056,0.535639344897283,3.6362291223773804,0.5367225362352019,8.50109703392616,0.99843787569289,12178.625316159765,1.2635712535001977e+41,6.401700833607773e+41,1.837484135676767e+41,1.184088494991317e+41
ERSPRIME,43683,53.061974795,-27.706481696,1.887922791424947,0.855161062220539,1.52852829088794,-99.0,-99.0,-99.0,-99.0,3.79718508814374,1.54854428247137,-99.0,-99.0,-99.0,-99.0,7.5951339564296,1.6357222437821202,14788.045583747637,-2.5902947479841755e+43,-2.5902947479841755e+43,3.99933212528511e+41,2.2374941496469e+41
ERSPRIME,40776,53.065700616,-27.72041404200001,1.740525849989554,-99.0,-99.0,1.48337717722382,0.5857332065052451,-99.0,-99.0,2.53528172104509,0.533158333714676,1.21077948479672,0.509607146121345,8.55126626065935,0.47757973063271697,14.7585877516005,0.645445243780556,13377.650787659919,1.2541572260450627e+41,3.176169944103933e+41,-2.1197631276407647e+43,-2.1197631276407647e+43
